{"unitrade": [0.025350543610779326, 0.17982964072822155], "sommelier": [0.01733396482060721, 0.1075074951662657], "bridge-mutual": [0.05047222118363007, 0.1805135622174504], "perlin": [0.03319692941223949, 0.1077000720042827], "chainport": [-0.40810640866465364, -0.07470525096703105], "cvi-finance": [0.09251681478980066, -0.167297113121385], "sideshift": [0.052427852887169626, 0.1368243392933407], "lido": [0.036979969610565364, -0.020396670793668425], "0x": [0.04832914506452103, 0.08796192802147815], "sashimiswap": [0.09788641878707877, -0.1823822366288274], "snowswap": [-0.016063715584469725, 0.11748900997778758], "uwu-lend": [0.02900344269495922, -0.13422613139843453], "aavegotchi": [0.037017278213929944, -0.020446628285065237], "shapeshift": [0.02394196433427239, 0.06818913879266336], "flexa": [0.04298344431524284, -0.17088784108164046], "saffron-finance": [0.03969521777890182, 0.11837355617318135], "value-liquid": [0.015127054497069645, 0.10750396296854037], "fortube": [-0.05172249313002433, 0.06512424348625494], "zeroswap": [0.10435243236861803, -0.1610140231365894], "paraswap": [-0.01800702696324951, 0.131429984619117], "unicly": [0.02693193573687758, 0.05872351996399102], "abracadabra": [0.03263667781447335, -0.07995704350479957], "complifi": [-0.02526909151427895, 0.14579190015320537], "onx-finance": [0.04048389776321244, 0.09538637741087676], "arch-ethereum-web3": [-0.03710828825914339, 0.0789036052334519], "s-finance": [0.01700630585124665, 0.13849642346791585], "finnexus": [0.08798556519389315, -0.0525723589147105], "synthetix": [-0.07687609779576174, -0.16764327045255156], "balancer": [0.03294721389199963, -0.011229512021286834], "polkamarkets": [0.06837837906757119, 0.037490947601417], "reflexer": [-0.027600722484799018, 0.052958023297179926], "o3-swap": [0.06520989426204095, -0.031564455405291424], "unilend": [0.1154448629313031, -0.15667972759736634], "numisme": [0.11807761396354391, -0.19764617139212826], "dfx-finance": [0.08928035594487654, 0.061539574104099784], "hegic": [-0.006541395998254327, 0.16990214423153818], "bepswap": [0.1055975799932491, -0.16089968233496318], "ankr": [0.0674031406487568, 0.09841530190793231], "peri-finance": [-0.08274831001109445, -0.18633824336172797], "redacted-protocol": [0.03225073226239812, 0.10520468460473437], "defidollar-dao": [0.03411511838434131, -0.008447070256374513], "popsicle-finance": [0.08311714166422429, 0.06606134286723692], "defil": [0.07103832240491982, -0.09437901231870972], "yel-finance": [0.06276490920140744, 0.030207573180143693], "zai-finance": [0.04018283510011227, -0.03422101478966663], "behodler": [0.1125439726062128, -0.1915450696721523], "multichain": [0.005188788773521261, 0.05297171178819621], "hundred-finance": [0.017790123949486616, 0.0799246662334179], "nftx": [0.036979969610565364, -0.020396670793668425], "bnpl-pay": [0.0562825557740206, 0.15456211099176245], "axia-protocol": [-0.05172249313002433, 0.06512424348625494], "mcdex": [-0.4071548179251166, -0.07371875047220382], "creamswap": [-0.01796092242329634, 0.15272973839043597], "bancor-v3": [0.06131826963514771, -0.0001511802607837955], "stafi": [0.0341185455209142, -0.001474569469144291], "0x-nodes": [0.01227812996997994, 0.1397360695404789], "dao-swap": [0.11933118061756445, -0.12077639716814925], "enzyme-finance": [0.01941347674456218, 0.09709876604977087], "flashstake-old": [0.02597515940876896, 0.11379936498276735], "etha-lend": [0.03970143048738155, 0.03370065155332474], "gitcoin": [0.014127079113363717, 0.1369803123077589], "ribbon-earn": [0.019257650540226864, 0.07651677366493345], "piedao": [0.036979969610565364, -0.020396670793668425], "rhino.fi": [0.09355441201704404, 0.04787918530170887], "suterusu": [0.08173111161009972, -0.18358412481953634], "rook": [0.0002706998662735494, -0.006871738731619996], "x7-finance": [0.01023023982137825, 0.010203469263535738], "emiswap": [-0.4132105749660049, -0.07303683515669612], "wasabix": [0.015034874306008812, 0.08719701719584907], "dam-finance": [-0.013170518593334589, 0.04842690831114104], "reserve": [0.015976875588568636, 0.010572137395319516], "manifest": [0.11745307336970034, -0.1107175017619095], "stakehound": [-0.4304923034826653, -0.07042279886059455], "domani-protocol": [0.06420427949001734, 0.2003575103830394], "uniswap-v2": [-0.011449214484176642, 0.1366957044630348], "xdai-stake-bridge": [-0.01654963813920026, -0.0653273534994287], "dydx": [0.06735620083137808, -0.17879088500532314], "sunflowerswap": [0.1043851983211936, -0.1625655423222572], "perpetual-protocol": [0.065134164860148, -0.13970945363279752], "ethernity-chain": [0.050469653143730205, 0.17609881409896175], "b.protocol": [-0.07100861635178499, 0.12286656640685328], "chain": [0.021028268178017985, 0.08301619986005816], "concave": [0.08243304852757868, 0.016402964863452683], "antimatter": [-0.26767148029465604, -0.09414713965380297], "mushrooms-finance": [0.11966708547933014, -0.14931864537080866], "uniswap-v3": [-0.011510884780356594, 0.1367044108745598], "bt.finance": [-0.0028923602735267725, 0.1432235162972657], "stacker-ventures": [0.036979969610565364, -0.020396670793668425], "unipilot": [-0.0055338972071228105, 0.0584234049920275], "whiteheart": [0.04445408958736839, 0.16541809981613623], "balancer-v1": [0.03294721389199963, -0.011229512021286834], "defi-yield-protocol": [0.07533599389698566, -0.18241230628721722], "iziswap": [0.05223917452909007, -0.023261230919887972], "mahadao-arth": [-0.0430393903211716, 0.08400333229343247], "bella-protocol": [0.10429313157864262, -0.16332897468061744], "sushiswap": [0.09688506476274977, -0.17776539732967123], "bankless": [0.020921644337379388, 0.14898363863147732], "umbria-network": [0.08604609340400184, -0.17852696004518487], "xdefi": [0.0187204936409336, -0.006966429655085905], "thorchain": [0.1055975799932491, -0.16089968233496318], "origin-dollar": [-0.3736734945210469, 0.0022587099523008487], "wepiggy": [-0.0032213023315048354, 0.08327859435720115], "apwine": [-0.4303401120674617, -0.07383675549885922], "kleros": [-0.020211504025095188, -0.025536397721981893], "sharedstake": [-0.005305826466659118, 0.13919945426880043], "mstable-cdp": [-0.03759915372538217, 0.00963949173237422], "smoothy": [-0.2516721583008407, -0.2011950748321864], "compound": [-0.03028939843758243, 0.16623662256798907], "xtoken": [-0.38949783155816475, -0.05279587198945429], "mfinance": [0.08212743264500175, -0.1611972668417826], "pop-town": [-0.43008509462707323, -0.07334143238882104], "archimedes-finance": [0.0032632732686503317, 0.12663499268479486], "erasure": [-0.02056695351457967, 0.04112974005243777], "nexus-mutual": [0.08346708904013761, 0.09203760668185093], "secretswap": [0.023784656447553863, 0.02905246822632873], "asgard-finance": [0.08454712165651362, -0.1425508806773573], "cofix": [-0.00660018156851548, 0.09741095245660497], "stakedao": [0.12225597409353557, -0.17271912435864298], "n3rd-finance": [0.08193103717846564, -0.1552632207123763], "ouchi-finance": [0.04801885415259742, 0.046744802577003045], "everrise": [0.07219661364131437, -0.0974153113565822], "compound-v3": [-0.03028939843758243, 0.16623662256798907], "moon-swap": [0.10601819289895711, -0.1562897078841607], "itrust-finance": [-0.43020451782502867, -0.07351874669888184], "parasset": [0.04422664088463957, 0.05547084812075556], "router-protocol": [-0.04966402832374534, 0.07057753978483124], "zigzag": [0.053580888230842075, 0.000999430052090594], "sushi-kashi": [0.09688506476274977, -0.17776539732967123], "ramp": [0.11044694723365293, -0.20140430551434305], "mimo-protocol": [-0.016638590708969978, 0.09709966060629063], "cerberusdao": [0.10661994410530427, -0.12713911865284383], "injective-bridge": [0.02778852045265861, 0.15953748706901066], "ribbon": [0.019257650540226864, 0.07651677366493345], "friends-with-benefits": [-0.006310883612984279, 0.06781501582739402], "gooddollar": [0.0004952741692610223, -0.0629600757586975], "frax-ether": [0.04537879258558422, -0.1032594989573603],