{
  "unitrade": [-0.10975941441232086, 0.1435355037183942],
  "sommelier": [-0.09187837047636808, -0.0552884030516729],
  "bridge-mutual": [-0.08771872845480749, -0.10918523469920866],
  "chainport": [0.40025697261680115, -0.05279432096134334],
  "cvi-finance": [-0.07581036387443821, -0.15510955310131627],
  "lido": [0.11184293196817627, 0.007751087993125294],
  "0x": [-0.02722751320605811, 0.07437610809553777],
  "snowswap": [0.045371224948064184, 0.12214466038952508],
  "uwu-lend": [0.011337771066468822, -0.007878887161008747],
  "aavegotchi": [0.11184293196817627, 0.007751087993125294],
  "shapeshift": [-0.0775889618931129, 0.08640435913216052],
  "flexa": [-0.033287662164017476, 0.13083787236575578],
  "saffron-finance": [-0.08697198254833734, -0.15321150378214335],
  "value-liquid": [-0.07346893559440093, -0.1098588832252714],
  "fortube": [-0.02003360988081362, 0.037159793158992586],
  "unicly": [-0.08515452143140068, -0.11911700536454715],
  "complifi": [0.06794243153906808, 0.13733124338150865],
  "onx-finance": [-0.06827806738595411, -0.1956684016058164],
  "s-finance": [-0.07700956433001462, -0.12952067315219337],
  "finnexus": [-0.09877313367968471, 0.08829234139684028],
  "balancer": [-0.03515866443008991, 0.035890575993876205],
  "polkamarkets": [-0.06964728587177102, 0.09444323930971558],
  "reflexer": [0.05611723586535558, 0.09094114619468917],
  "o3-swap": [-0.04285112137996505, -0.14461303947101495],
  "dfx-finance": [-0.07921150353861514, -0.14246728011097937],
  "bepswap": [-0.12551995742435412, -0.03254076475267745],
  "ankr": [-0.1056835702772288, 0.18483207215008068],
  "peri-finance": [0.155943838347214, -0.0495409807395107],
  "defidollar-dao": [-0.08952099069456607, -0.09137385330125525],
  "popsicle-finance": [-0.06300623042153913, -0.1553782838509411],
  "defil": [0.009647823585938554, 0.07664783076343651],
  "yel-finance": [-0.0631400899546001, -0.18698920630456867],
  "zai-finance": [-0.07489632936867034, -0.08166541456064402],
  "behodler": [-0.12821861110781088, 0.06501807858125627],
  "hundred-finance": [-0.033882283766374185, 0.03498281979173487],
  "nftx": [0.11188915261352674, 0.00773344499076463],
  "bnpl-pay": [-0.06557654406471126, -0.15475979023275366],
  "axia-protocol": [-0.08669786920598203, 0.2605980924796163],
  "mcdex": [0.41703699037778047, -0.033460316010651026],
  "creamswap": [0.06112133632657383, 0.11873184126461052],
  "bancor-v3": [-0.07467586066928752, 0.1400347940337209],
  "stafi": [-0.04570700695841695, -0.14928010763476895],
  "0x-nodes": [-0.11740910774322992, 0.14391124536008748],
  "dao-swap": [-0.11819886183409033, 0.07057110239232074],
  "enzyme-finance": [-0.10359951392732086, 0.07668640307832723],
  "etha-lend": [-0.1141533413480296, -0.08601130006753677],
  "gitcoin": [-0.02360958999491087, 0.20022050756475201],
  "ribbon-earn": [-0.08240582015581235, -0.06117390599974737],
  "piedao": [0.11184293196817627, 0.007751087993125294],
  "rhino.fi": [-0.08820509090787357, -0.13376841845911794],
  "rook": [0.003885035535647137, -0.043608933325312196],
  "x7-finance": [-0.0011983476265954099, -0.03940365505938757],
  "emiswap": [0.4070494326831211, -0.048021469472020475],
  "wasabix": [-0.02158142304302172, 0.043145342468414255],
  "reserve": [-0.07438854042951919, 0.07008932156383228],
  "manifest": [-0.04486257713769502, 0.11549233020984086],
  "stakehound": [0.3652649290323228, -0.021543994110092956],
  "uniswap-v2": [-0.012339327631287497, 0.21151183110704375],
  "dydx": [-0.049655808204101086, -0.12893397600615944],
  "perpetual-protocol": [-0.06864093615223084, -0.17987417796679372],
  "ethernity-chain": [-0.11350904721743664, -0.140367941433443],
  "b.protocol": [0.004641637642174349, 0.24407478759143503],
  "concave": [-0.0636814618027318, -0.05289159645413848],
  "antimatter": [0.23500139608645038, 0.005256804993170582],
  "stacker-ventures": [0.11184293196817627, 0.007751087993125294],
  "unipilot": [-0.0766389471540261, -0.06000022919456266],
  "whiteheart": [-0.0152233607260599, -0.0006948270726177194],
  "balancer-v1": [-0.03515866443008991, 0.035890575993876205],
  "defi-yield-protocol": [-0.06454399610951497, -0.12795046838321134],
  "iziswap": [-0.05952578453692685, -0.2179122282957837],
  "mahadao-arth": [-0.03169055609497953, -0.17220978448471524],
  "bella-protocol": [-0.10742260594796604, 0.17428535331344636],
  "sushiswap": [-0.07438456551628139, -0.12488493051291061],
  "bankless": [-0.0336549961012466, 0.2181962313295065],
  "thorchain": [-0.12551995742435412, -0.03254076475267745],
  "origin-dollar": [0.35950742502922517, -0.04837012917170201],
  "apwine": [0.3678611942425832, -0.022445524899447133],
  "kleros": [0.11181074882451367, 0.01254263852657482],
  "mstable-cdp": [0.02213860220519903, -0.0032708968298823223],
  "smoothy": [0.29557744950495823, -0.061293209133045756],
  "compound": [0.06655003542485724, 0.13332966842210742],
  "xtoken": [0.3943697972988764, -0.03936897730144947],
  "mfinance": [-0.07055728520795486, -0.12393747429718435],
  "pop-town": [0.41241349420887985, -0.057227631047990585],
  "erasure": [0.004527749448781129, 0.1929244468242435],
  "nexus-mutual": [-0.0922049402510923, 0.10759452758392957],
  "secretswap": [-0.036273921644888185, 0.024639152781799425],
  "asgard-finance": [0.021823539253690884, 0.10018245068708034],
  "cofix": [-0.07237064232144061, -0.10107957385566332],
  "stakedao": [-0.0102909922715075, -0.04049605982189004],
  "compound-v3": [0.06655003542485724, 0.13332966842210742],
  "parasset": [-0.054261533225209185, -0.06466853332661056],
  "router-protocol": [-0.031036976799230852, 0.19791044364598373],
  "zigzag": [-0.045538467680424397, -0.20065674302364506],
  "sushi-kashi": [-0.07438456551628139, -0.12488493051291061],
  "ramp": [-0.05692508839509344, -0.1817255284194446],
  "cerberusdao": [-0.043485613245318244, 0.10868710338871415],
  "injective-bridge": [-0.08047248498359731, -0.15707149453051228],
  "friends-with-benefits": [-0.07332956097712455, -0.189436465781271],
  "frax-ether": [-0.060918292887505776, -0.04550320592415054],
  "dxsale": [-0.07518333126754011, 0.09106296945090053],
  "badger-dao": [0.11183518118499039, 0.0077369854527509245],
  "jelly": [-0.020700736788459885, -0.16564015299300397],
  "luaswap": [-0.07086818239939234, -0.1256410496466184],
  "vesper": [-0.047158140656532024, -0.1557914124142883],
  "elk": [-0.017853257177188886, 0.10949026032399721],
  "polkaex": [0.3495137267257183, -0.0830994455426712],
  "lixir-finance": [-0.04434978480628408, -0.1443959784124933],
  "rubic": [-0.08090481435789754, 0.08586933484775097],
  "fegex": [-0.07946669810169771, -0.15948977766360464],
  "unfederalreserve": [-0.07523300837906816, -0.11340644126245263],
  "bancor-v2.1": [-0.07467586066928752, 0.1400347940337209],
  "smartcredit": [-0.09042480214899296, -0.1568116502563019],
  "popcorn": [0.11188957859595314, 0.007782927546262585],
  "yfdai": [-0.004633428690498313, -0.015526629227239193],
  "loopring": [-0.08004922717975571, 0.10446487612065883],
  "sumswap": [-0.08884504902710266, -0.1698273146888023],
  "nestfi": [-0.03078548649694203, 0.13131113071972625],
  "warp-protocol": [0.08581632809214962, 0.011127159030764402],
  "yfii": [-0.10910155960786655, -0.049928538099418676],
  "index-coop": [0.028446795545071638, 0.10550482943286321],
  "h2odata": [0.01804093154456259, 0.15331454468791628],
  "balancer-v2": [-0.035141915367586166, 0.03584951699186888],
  "bitdao": [-0.06894940010503375, 0.17795803561629175],
  "evolutionland": [0.06094475407408684, 0.03519838506994745],
  "notional": [0.3056477381063851, -0.01393738682256353],
  "dforce": [-0.011771368770669154, 0.14268084273541365],
  "rari-capital": [0.39964889352711463, -0.024869998391164615],
  "woofi": [-0.009831506369519474, 0.08017822049836787],
  "unbanked": [-0.09007358887745087, -0.08564085728908966],
  "peakdefi": [0.09440817131068044, 0.008011187786706678],
  "axelar": [0.05067613993910282, 0.02422692865668425],